{
    "web": {
        "client_id": "51330748322-2t8as2qjnb0jop766vm2i3aolk4m2u15.apps.googleusercontent.com",
        "project_id": "aerobic-star-417915",
        "auth_uri": "https://accounts.google.com/o/oauth2/auth",
        "token_uri": "https://oauth2.googleapis.com/token",
        "auth_provider_x509_cert_url": "https://www.googleapis.com/oauth2/v1/certs",
        "client_secret": "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",
        "redirect_uris": [
            "https://gdi-taupe.vercel.app/oauth2callback"
        ]
    }
}